,State,Website,Email,Phone Number,Serving
0,AL,http://www.namibaldwincounty.org,namibaldwin@gmail.com,(251) 279-0573,Baldwin County
1,AL,http://www.namibirmingham.org,srsallin@gmail.com,N/A,Jefferson County
2,AL,N/A,N/A,(256) 706-0008,Cherokee County
3,AL,N/A,jcahelajoyce@gmail.com,(334) 745-5611,Lee County
4,AL,http://www.namihuntsville.org,info@namihuntsville.org,(256) 534-2628,Madison County
5,AL,http://www.namimobile.org,namimobile1@gmail.com,(251) 461-3450,Mobile & Washington Counties
6,AL,http://www.namimontgomery.org,ethelgreen437@gmail.com,(334) 221-4376,"Montgomery, Elmore, Autauga, and Lowdnes Counties"
7,AL,http://www.namishelby.org,namishelby@gmail.com,(205) 202-0827,"Shelby County & Chilton County, AL"
8,AL,N/A,namishoals2@gmail.com,(256) 765-2081,"Colbert, Franklin, Lauderdale Counties"
9,AL,https://www.facebook.com/TuscaloosaNAMI,pelican9000@netscape.net,(205) 344-1555,Tuscaloosa County
10,AK,http://www.namianchorage.org,info@namianchorage.org,(907) 272-0227,Anchorage
11,AK,https://namifairbanks.org,fairbanksnami@gmail.com,(907) 456-4704,Fairbanks North Star Borough
12,AK,http://www.namijuneau.org,namijuneau@gmail.com,(907) 463-4251,Juneau-Southeast Alaska
13,AK,N/A,N/A,N/A,North Slope Borough
14,AZ,http://www.namiflagstaff.org,flagnami@gmail.com,(928) 214-2218,"Flagstaff, Williams"
15,AZ,N/A,N/A,(928) 680-7428,N/A
16,AZ,http://www.NAMIPayson.org,namipayson@yahoo.com,(928) 301-9140,Gila County
17,AZ,N/A,mary.lapaglia@gmail.com,(520) 414-7173,"Pinal County, Arizona"
18,AZ,http://www.namiseaz.org,namiseazinfo@gmail.com,(520) 508-3386,"Cochise, Graham, Greenlee, and Santa Cruz counties"
19,AZ,http://www.NAMIsa.org,namisa@namisa.org,(520) 622-5582,"Tucson Metro/Pima County, Arizona"
20,AZ,http://namivalleyofthesun.org,info@namivalleyofthesun.org,(602) 244-8166,Maricopa County
21,AZ,http://www.namiwmaz.org,namiwhitemountains@gmail.com,(928) 298-1914,"Navajo and Apache Counties, non Tribal areas"
22,AZ,http://www.NAMIYavapai.org,N/A,(928) 642-5705,"Yavapai County, Prescott, etc., AZ"
23,AZ,N/A,nami.yumaaz@gmail.com,(928) 581-6886,"Yuma County, AZ"
24,AR,http://www.namiarkansas.org,help@namiarkansas.org,(800) 844-0381,"Counties of Faulkner, Conway, Van Buren, Cleburne, Perry, Pope"
25,AR,http://www.namiarkansas.org,marquitta.magnini@namiarkansas.org,(800) 844-0381,"Counties of Garland, Hot Spring, Montgomery, Columbia, Ouachita, Nevada, Lafeyette, Miller,"
26,AR,http://www.namiarkansas.org,help@namiarkansas.org,(800) 844-0381,"Counties of Pulaski, Saline, Grant, Jefferson, Arkansas, Lonoke"
27,AR,http://www.namiarkansas.org,help@namiarkansas.org,(800) 844-0381,"Counties of Marion, Baxter, Searcy, Stone, Fulton, Izard, Sharp, Boone, Newton"
28,AR,http://www.namiarkansas.org,help@namiarkansas.org,(800) 844-0381,"Counties of Benton, Washington, Madison, Carroll"
29,AR,http://www.namiarkansas.org,help@namiarkansas.org,(800) 844-0381,"Counties of Sebastian, Crawford, Scott, Polk, Franklin, Johnson, Logan, Yell"
30,AR,http://www.namiarkansas.org,help@namiarkansas.org,(800) 844-0381,"Counties of White, Prairie, Woodruff, Independence, Jackson"
31,CA,http://www.nami-alamedacounty.org,peggy.rahmannamiac@gmail.com,(510) 334-7721,Fremont through Oakland
32,CA,http://www.NAMIacs.org,info@namiacs.org,(510) 969-6479,N/A
33,CA,http://www.namiamador.org,namiamadorcares@gmail.com,(209) 256-1293,"Amador, Calaveras Counties"
34,CA,N/A,N/A,N/A,N/A
35,CA,http://www.namibuttecounty.org,cmphipps@csuchico.edu,(530) 894-8551,"Butte County, northern California"
36,CA,http://www.namicoachellavalley.org,namicoachellavalley@gmail.com,(442) 275-7385,"Banning, Palm Springs, Palm Desert, Indian Wells, Desert Hot Springs, Indio, Coachella, Salton Sea"
37,CA,http://www.namicontracosta.org,info@namicontracosta.org,(925) 942-0767,Contra Costa County
38,CA,http://www.namieastbay.org,namieastbay@gmail.com,(510) 524-1250,"California: Alameda County, West Contra Costa County"
39,CA,https://namieldoradocounty.org,f2fnami@gmail.com,(530) 306-4101,Placerville/El Dorado Hills/South Lake Tahoe CA
40,CA,http://www.namifresno.org,info@namifresno.org,(559) 224-2469,"Fresno, Madera, Kings Counties"
41,CA,http://www.namiglendale.org,namiglendale@gmail.com,(213) 797-0494,"Glendale, Burbank, Northeast Los Angeles"
42,CA,N/A,davispatricia0@gmail.com,(209) 736-4264,"Calaveras County, California"
43,CA,http://www.namiglac.org,info@namiglac.org,(213) 386-3615,N/A
44,CA,http://www.nami-humboldt.org,nami.humboldt@gmail.com,(707) 444-1600,Humboldt County
45,CA,N/A,N/A,N/A,High Desert/Barstow/Upland Area
46,CA,http://www.namikerncounty.org,namikern@yahoo.com,(661) 858-3255,Kern County
47,CA,N/A,N/A,N/A,N/A
48,CA,http://www.namilongbeach.org,nami@namilongbeach.org,(562) 435-2264,"Long Beach Area, Southwest Los Angeles County"
49,CA,http://www.namimarin.org,info@namimarin.org,(415) 444-0480,Marin County
50,CA,http://www.namimendocino.org,namimendocino@mcn.org,N/A,Mendocino County
51,CA,http://www.namimerced.org,namimerced2@gmail.com,(209) 789-6264,"Merced, Mariposa"
52,CA,http://www.namimonterey.org,info@namimonterey.org,(831) 422-6264,Monterey County
53,CA,http://namimtsanjacinto.org,brenda.scott@namimsj.org,(951) 765-1850,"Riverside County: Perris, Nuevo, San Jacinto, Hemet, Anza, Romoland, Winchester, Banning, Menifee"
54,CA,http://www.naminevadacounty.org,naminevadacounty@gmail.com,(530) 648-0178,"Nevada County, CA"
55,CA,http://www.namioc.org,info@namioc.org,(714) 544-8488,"Orange County, CA"
56,CA,http://www.namipc.org,namiplacercounty@gmail.com,N/A,"Placer County, CA, Roseville, Auburn, Tahoe City"
57,CA,http://www.namipv.org,admin@namipv.org,(909) 625-2383,"Pomona, Claremont, LaVerne and surrounding cities"
58,CA,https://namisacramento.org/,office@namisacramento.org,(916) 890-5467,Sacramento county
59,CA,http://www.namisb.org,info@namisb.org,(909) 654-4134,Greater San Bernardino Area
60,CA,http://www.namisandiego.org,information@namisd.org,(858) 634-6580,San Diego County
61,CA,http://www.namisfv.org,info@namisanfernandovalley.org,(818) 994-6747,San Fernando and Santa Clarita Valleys of Los Angeles
62,CA,http://www.namisf.org,info@namisf.org,(415) 237-0039,San Francisco
63,CA,http://www.namisangabrielvalley.org/,sgvnami@pacificclinics.org,(626) 577-6697,Los Angeles County
64,CA,http://www.namisanjoaquin.org,info@namisanjoaquin.org,(209) 468-3755,San Joaquin County
65,CA,http://www.namislo.org,namisanluisobispo@gmail.com,N/A,N/A
66,CA,http://www.namisanmateo.org,nami@namisanmateo.org,(650) 638-0800,San Mateo County
67,CA,http://www.namisantabarbara.org,rwinner@mentalwellnesscenter.org,(805) 884-8440,"Santa Barbara, Carpinteria, Goleta"
68,CA,http://www.namisantaclara.org,info@namisantaclara.org,(408) 453-0400,Santa Clara County
69,CA,http://www.namiscc.org,info@namiscc.org,(831) 824-0406,Santa Cruz County
70,CA,https://www.facebook.com/namishastacounty/,shasta.nami@gmail.com,(530) 691-4450,Northern California
71,CA,http://www.namisolanocounty.org,info@namisolanocounty.org,(707) 438-9510,Solano and Napa Counties
72,CA,http://namisonomacounty.org,info@namisoco.org,(866) 960-6264,Sonoma County
73,CA,http://www.namisouthbay.com,pstans5@aol.com,(310) 892-8046,South Bay of Los Angeles County
74,CA,http://www.namistanislaus.org,info@namistanislaus.org,(209) 558-4555,"Modesto, Turlock, Oakdale, Riverbank, Patterson, Hughson, Newman"
75,CA,http://www.namitv.org/,info@namitv.org,(951) 672-2089,"Lake Elsinore, Menifee, Murrieta, Sun City, Temecula, Wildomar, Winchester"
76,CA,http://www.nami-trivalley.org,marsha@nami-trivalley.org,N/A,"Livermore, Dublin, Pleasanton California"
77,CA,http://www.namitularecounty.org,dj1nelson@sbcglobal.net,N/A,Tulare County
78,CA,https://www.facebook.com/NAMITuolumneCounty,meleamy@hotmail.com,(209) 586-9351,N/A
79,CA,http://www.namiurbanla.org,info@namiurbanla.org,(323) 294-7814,"North to 101 Fwy, South to Rosecrans Ave, East to 710 Fwy, West to LaCienega Blvd"
80,CA,http://www.namiventura.org,info@namiventura.org,(805) 641-2426,Ventura County
81,CA,http://www.NAMIWesternRiverside.org,nami@namiwesternriverside.org,(951) 369-1913,"Corona, Norco, Eastvale, Mira Loma, Jurupa, Moreno Valley and Riverside"
82,CA,http://www.namila.org,info@namila.org,(310) 889-7200,Westside Los Angeles (Westwood)
83,CA,N/A,namiwhittier@aol.com,N/A,N/A
84,CA,http://www.namiyolo.org,friends@namiyolo.org,(530) 756-8181,Yolo County
85,CO,http://www.namiadco.org,president@namiadco.org,(303) 991-7688,"Arapahoe and Douglas Counties, Colorado"
86,CO,N/A,nami.aurora@gmail.com,(720) 277-9738,"City of Aurora, CO"
87,CO,http://www.namibouldercounty.org,info@namibouldercounty.org,(303) 443-4591,"Boulder, Broomfield, Louisville, Lafayette, Longmont"
88,CO,N/A,info@namichaffee.org,(970) 823-4751,"Chaffee County, Colorado and surrounding area"
89,CO,http://www.namicoloradosprings.org,info@namicos.org,(719) 473-8477,El Paso and Teller Counties
90,CO,http://www.namidenver.org,namidenver@gmail.com,(303) 504-6545,N/A
91,CO,http://www.NAMIHighCountryco.org,namihictryco@gmail.com,(970) 718-2828,Summit and Lake Counties
92,CO,http://www.namijeffco.org,namijeffco2015@gmail.com,(720) 809-5060,"Jefferson, Clear Creek and Gilpin Counties"
93,CO,http://namilarimer.org,wkever@comcast.net,(970) 282-8796,"Larimer County, Colorado"
94,CO,N/A,namirfv@gmail.com,(970) 945-1339,N/A
95,CO,N/A,nami.smo.chapter@gmail.com,(970) 708-7096,"San Miguel, Ouray, and the West End of Montrose County"
96,CO,http://www.namisoutheastco.org,namisoutheastco@gmail.com,(719) 315-4975,"Cañon City, Pueblo, La Junta"
97,CO,N/A,nami.greeley@yahoo.com,(970) 356-0733,Greeley and surrounding northeastern Colorado
98,CO,http://www.namiws.org,namiwesternslope@gmail.com,(970) 462-3989,Grand Junction
99,CT,https://www.facebook.com/NAMIElmCityCT/,elmcityaffiliate@namict.org,(203) 215-1034,Greater New Haven
100,CT,http://namifairfield.org,namifairfield@gmail.com,(203) 586-0826,"Fairfield, Westport, Bridgeport, Stratford, Shelton, Trumbull and nearby towns"
101,CT,http://www.NAMIFarmingtonvalley.org,president@namifarmingtonvalley.org,(860) 479-6264,Farmington Valley & Tobacco Valley of Connecticut
102,CT,https://www.facebook.com/NAMIManchesterCT/,flowermama43@gmail.com,N/A,N/A
103,CT,http://namishoreline.org,namishoreline@gmail.com,N/A,Branford to Old Lyme
104,CT,http://www.namisoutheastct.org,information@namisect.org,(860) 859-4658,New London County CT
105,CT,http://www.namisouthwestct.org,namisouthwestct@gmail.com,(203) 400-6264,lower Fairfield County
106,CT,http://www.namiwtby.org,N/A,(203) 758-5844,"Greater Waterbury, Torrington, Danbury area"
107,CT,N/A,billterri39@att.net,(860) 928-5947,N/A
108,DE,N/A,kent@namide.org,(302) 427-0787 (115),Kent County
109,DE,N/A,newcastle@namide.org,(302) 427-0787 (115),New Castle County
110,DE,N/A,N/A,N/A,Sussex County
111,FL,http://www.namibaycounty.org/,N/A,(850) 867-6210,"Bay and surrounding counties, Florida"
112,FL,http://www.namibrevard.org,namibrevard@gmail.com,(321) 345-6365,"Brevard County, FL"
113,FL,http://www.NAMIBroward.org,namibroward@gmail.com,(954) 316-9907,Broward County/Fort Lauderdale Florida
114,FL,http://www.namicitrus.org,support@namicitrus.org,(844) 687-6264,Citrus County
115,FL,http://www.namicollier.org,liz@namicollier.org,N/A,Collier County
116,FL,http://www.namigainesville.org,info@namigainesville.org,(352) 949-6925,Alachua and Levy Counties
117,FL,http://www.namigo.org,information@namigo.org,(407) 253-1900,"Orange, Osceola and Seminole Counties"
118,FL,http://namihernando.org,hope@namihernando.org,(352) 684-0004,Hernando County
119,FL,http://namihillsborough.org,support@namihillsborough.org,(813) 368-0813,Hillsborough County
120,FL,http://www.namijax.org,admin@namijax.org,(904) 724-7782,Duval and Clay
121,FL,http://www.namilee.org,info@namilee.org,(239) 337-9024,"Lee, Charlotte, and Hendry and Counties"
122,FL,http://www.namiocala.org,info@namiocala.org,(352) 368-2405,"Marion County, FL"
123,FL,http://www.namimartincounty.org,info@namimartincounty.org,(772) 285-0967,Martin County
124,FL,http://NAMIMiami.org,info@namimiami.org,(305) 665-2540,Throughout Miami-Dade County
125,FL,https://naminassauflorida.org/,naminassauflorida@gmail.com,(904) 277-1886,"Nassau County, Florida"
126,FL,https://www.namiow.org/,info@namiow.org,(850) 684-5259,Okaloosa and Walton Counties
127,FL,http://www.namipbc.org,info@namipbc.org,(561) 588-3477,Palm Beach County
128,FL,http://www.namipasco.org,executivedirector@namipasco.org,(727) 992-9653,Pasco County
129,FL,http://namipensacola.com,namipensacola@gmail.com,(850) 208-1609,"Escambia, Santa Rosa Counties"
130,FL,http://www.nami-pinellas.org,dwhitfield@nami-pinellas.org,(727) 826-0807,Pinellas County Florida
131,FL,N/A,namipolkcty@yahoo.com,(863) 513-0073,Polk County
132,FL,https://namisarasotamanatee.org/,info@namisarasotacounty.org,(941) 444-3428,"Sarasota and Manatee counties, FL"
133,FL,https://www.nami-tallahassee.org/,admin@nami-tallahassee.org,(850) 841-3386,Leon County
134,FL,http://www.namivfsj.org,support@namivfsj.org,(904) 827-7404,"Volusia, Flagler, St. Johns Counties"
135,GA,N/A,albanynami@gmail.com,(229) 329-1444,"Albany, GA and surrounding areas in Southwest GA"
136,GA,https://namiatlantaauburn.org,N/A,N/A,N/A
137,GA,http://namiaugusta.org/,augustanami@gmail.com,N/A,"Augusta, GA; Thomson, GA; North Augusta, Central Savannah River Area (CSRA)"
138,GA,N/A,namibaldwinga@gmail.com,(386) 846-9881,N/A
139,GA,http://www.namiofcentralga.org,marketing@namiofcentralga.org,(478) 328-0508,"Central Georgia, Warner Robins, Macon"
140,GA,http://www.namicobb.org,namicobb1@gmail.com,(404) 695-5333,Cobb County
141,GA,http://www.namicolumbusga.org,info@namicolumbusga.org,(706) 320-3755,"Columbus/Mucogee County, Ft. Benning, Georgia & Phenix City, Alabama"
142,GA,http://www.namidekalb.org,info@namidekalb.org,(404) 604-2350,N/A
143,GA,http://www.namifdl.org,namifdlga@gmail.com,(309) 310-8788,"Forsyth, Dawson & Lumpkin Counties"
144,GA,http://www.namigoldenisles.com,namigoldenisles@yahoo.com,(912) 580-9259,"Serving Georgia Counties: Glynn, Camden, McIntosh, Wayne, Brantley and Ware"
145,GA,http://namigwinnett.org/,namigwinnett@gmail.com,N/A,N/A
146,GA,http://NamiHall.org,namihallga@gmail.com,(770) 225-0804,Hall County and Northeast Georgia
147,GA,N/A,southsideovercomers@gmail.com,(404) 855-0608,Henry and Fayette counties in Georgia
148,GA,N/A,tmlynch0810@gmail.com,(229) 429-4812,Colquitt County
149,GA,http://www.naminorthsideatlanta.org,naminorthsideatlanta@gmail.com,N/A,"Buckhead, Vinings, Sandy Springs, Dunwoody, Alpharetta, Roswell, Milton, Johns Creek and beyond"
150,GA,N/A,rockdalenewtonnami@gmail.com,(470) 665-6808,"Rockdale, Newton, Walton, Morgan, Jasper, and Butts Counties, Georgia"
151,GA,http://www.namiromega.org,namiromega@gmail.com,(706) 506-5010,NW Georgia
152,GA,http://www.namisavannah.org,nami-savannah@namisavannah.org,(912) 353-7143,N/A
153,GA,N/A,nami.statesboro.ga@gmail.com,(912) 536-4448,Bulloch County
154,GA,N/A,namigeorgia@namiga.org,N/A,"Blue Ridge, Ellijay, Jasper, Blairsville"
155,HI,N/A,bigisland@namihawaii.org,(808) 756-6697,"Hilo, Kona, and N. Kohala"
156,HI,http://www.namikauai.com,info@namikauai.org,(808) 635-3239,Kauai
157,HI,N/A,maui@namihawaii.org,N/A,Maui
158,HI,N/A,oahu@namihawaii.org,(808) 591-1297,"The Island of Oahu, Hawaii"
159,ID,http://cdanami.org,namicda@gmail.com,(208) 691-9674,Coeur d’Alene area
160,ID,http://www.namifarnorth.org,namifarnorth2003@gmail.com,(208) 597-2047,North Idaho
161,ID,http://www.namitreasurevalley.org,admin@tvnami.org,(208) 801-1609,Treasure Valley
162,ID,http://www.namiuv.com,namiuppervalley@aol.com,(208) 757-8300,"Bonneville, Bingham, Jefferson, Madison, Custer, Butte, Teton, Fremont, Clark, Lemhi"
163,ID,http://www.namiwrv.org,info@namiwrv.org,(208) 481-0686,N/A
164,IL,http://www.namiba.org,info@namiba.org,(847) 496-1415,"Barrington Area, Lake Zurich, Kildeer, Deer Park, Buffalo Grove"
165,IL,http://www.namichampaign.org,info@namichampaign.org,N/A,"Champaign, Vermilion, Coles, Douglas, Effingham, & Ford counties"
166,IL,http://www.NAMIChicago.org,info@namichicago.org,(312) 563-0445,Greater Chicago Area
167,IL,http://www.namiccns.org,admin@namiccns.org,(847) 716-2252,Northern Cook County
168,IL,http://www.namidupage.org,il@namidupage.org,(630) 752-0066,DuPage County and Surrounding Areas
169,IL,http://jacksoncounty.nami.org,namijcil@gmail.com,N/A,Jackson and neighboring counties in Southern Illinois
170,IL,http://www.namikcn.org,namikcn@gmail.com,(847) 410-9719,"Northern Kane County, IL"
171,IL,http://www.namikdk.org,info@namikdk.org,(630) 896-6264,"Kane County south (including St. Charles, Geneva, Batavia, Aurora), DeKalb County & Kendall County"
172,IL,http://www.namilake-il.org,namisupport@hotmail.com,(847) 249-1515,Lake County
173,IL,http://www.namimch.org,info@namimch.org,(815) 308-0851,McHenry County
174,IL,http://www.namimetsub.org,info@namimetsub.org,(708) 524-2582,West Suburban Cook County
175,IL,http://namimidcentral.org,namimidcentralil@gmail.com,(309) 336-7396,"Bloomington, Normal, Pontiac, IL"
176,IL,http://www.naminorthernillinois.org,naminorthernillinois@gmail.com,(815) 963-2470,Winnebago/Boone Counties
177,IL,http://www.namisaukarea.org,namisaukarea@gmail.com,(815) 761-7654,"Carroll, Lee, Ogle, Whiteside Counties and surrounding areas"
178,IL,http://www.namischaumburgarea.org,namiegsch@yahoo.com,(630) 363-1846,"Schaumburg, Hoffman Estates, Elk Grove, Hanover Park"
179,IL,http://www.namisouthsuburbsofchicago.org,namisouthsuburbsofchicago@gmail.com,(708) 852-9126,South and Southwest Suburbs of Chicago
180,IL,http://namiswi.org,info@namiswi.org,(618) 798-9788,Bond/Clinton/Macoupin/Madison/Randolph/St. Clair
181,IL,http://www.namitri-countyillinois.org,N/A,(309) 693-0541,"Peoria, Tazewell and Woodford Counties"
182,IL,http://www.namiwillgrundy.org,info@namiwillgrundy.org,(815) 409-7917,Will County & Grundy County
183,IN,https://www.namidelawarecounty.com/,info@namidelawarecounty.com,(800) 677-6442,"Delaware County, Indiana"
184,IN,N/A,namielkhartcounty@gmail.com,N/A,Elkhart County
185,IN,http://www.namievansville.org,lgback@twc.com,(812) 897-1694,N/A
186,IN,http://www.namifortwayne.org,office@namifortwayne.org,(260) 447-8990,Northeast Indiana
187,IN,N/A,vsharann@yahoo.com,(765) 664-7792,N/A
188,IN,http://namigreaterbloomingtonarea.org,namigreaterbloomingtonarea@gmail.com,N/A,South Central Indiana
189,IN,http://www.namiindy.org,info@namiindy.org,(317) 257-7517,Central Indiana
190,IN,N/A,namikokomo@gmail.com,N/A,N/A
191,IN,http://www.NAMILakeCountyIN.org,nami@namilakecountyin.org,(219) 513-9457,"Lake County, Indiana"
192,IN,N/A,pparrissr@sbcglobal.net,(765) 622-9864,"Madison County, Indiana"
193,IN,N/A,info@namiindiana.org,(317) 925-9399,Columbus
194,IN,http://namisein.com,donnag@t-mac-cad.com,(812) 667-5429,N/A
195,IN,http://www.namisjc.org,namisjc21@gmail.com,N/A,St. Joseph County and surrounding areas
196,IN,N/A,namivigocounty24@gmail.com,(317) 509-7820,"Vigo County, IN"
197,IN,http://www.nami-wci.org,office@nami-wci.org,(765) 423-6939,"Benton, Carroll, Clinton, Fountain, Montgomery, Tippecanoe, Warren, and White Counties, Indiana"
198,IA,https://sites.google.com/site/namiblackhawkcounty/,namibh@qwestoffice.net,(319) 235-5263,"Cedar Falls, Waterloo, and Blackhawk County"
199,IA,N/A,namicarrollco@gmail.com,(712) 830-8705,Carroll County
200,IA,http://www.namicentraliowa.org,namiofci@gmail.com,(515) 292-9400,"Hancock, Wright, Webster, Franklin, Hamilton, Hardin, Greene, Boone, Story, Marshall, Jasper, Poweshiek, Madison, Warren"
201,IA,http://www.namidubuque.org,namidbq@gmail.com,(563) 557-6264,Tri-state Area
202,IA,http://www.namigmv.org,coordinator@namigmv.org,,Eastern Iowa and Western Illinois
203,IA,http://www.namijc.org,mary.issah@namijc.org,(319) 337-5400,Johnson County
204,IA,http://namilinncounty.org/,nami-lc@hotmail.com,(319) 221-1184,Linn County
205,IA,http://www.naminorthiowa.org,naminorthiowa@gmail.com,(641) 201-8450,Cerro Gordo County
206,IA,http://www.namineiowa.org,namineiowa@gmail.com,(563) 293-6264,"Howard, Winneshiek, Fayette, Clayton, Allamakee"
207,IA,https://naminwia.org,namiofnwia@gmail.com,(712) 357-5428,"Lyon, Osceola, Dickinson, Emmet, Sioux, O'Brien, Clay, Palo Alto, Buena Vista and Cherokee Counties"
208,IA,N/A,namipolkcountyiowa@gmail.com,(515) 254-0417,"Polk County, IA"
209,IA,N/A,namisci8@gmail.com,(641) 216-3114,"Appanoose,Davis,Wapello, Mahaska, Marion, Clarke, Lucas, Monroe, Ringgold, Decatur, Wayne"
210,IA,N/A,namisoutheastiowa@gmail.com,(319) 750-2220,"Des Moines, Henry, Keokuk, Jefferson, Lee, Louisa, Van Buren, and Washington Counties"
211,IA,https://namisouthwestiowa.com,namiswiowa@gmail.com,(712) 542-7904,"Fremont, Page, Mills, Cass, Montgomery, Harrison, Shelby, Monona, and Pottawattamie counties"
212,KS,https://namikansas.org/about-nami-kansas/affiliates-support-groups/,namibutlercountyks@gmail.com,(785) 214-4361,Butler County
213,KS,https://www.facebook.com/namicentralkansas/,centralkansas@namikansas.org,(785) 214-4278,"Saline, Dickenson, Ottawa, Ellsworth, and Lincoln Counties"
214,KS,N/A,nami.dgco@gmail.com,(785) 842-7271,"Douglas County, Kansas"
215,KS,N/A,nami.ks.flinthills@gmail.com,(785) 477-5828,"Riley County, Pottawatomie County, Geary County"
216,KS,N/A,hudsonpillar60@gmail.com,(785) 259-6859,Ellis County
217,KS,http://www.namijoco.org,namijoco@gmail.com,(913) 210-0630,Johnson County
218,KS,N/A,brenda2adams@yahoo.com,(800) 539-2660,"Wyandotte County and Kansas City, Kansas"
219,KS,N/A,namimidkansas@namikansas.org,(785) 214-4264,"Harvey County, Marion & McPherson Counties"
220,KS,N/A,namilvn@yahoo.com,(913) 683-4571,"Leavenworth, Atchison & Jefferson Counties"
221,KS,N/A,namireno@gmail.com,(620) 869-1770,Reno County
222,KS,N/A,seknami@gmail.com,N/A,Crawford County
223,KS,http://www.namitopeka.org,topekanami@gmail.com,(785) 580-3021,Shawnee County
224,KS,http://www.namiwichita.org,info@namiwichita.org,(316) 686-1373,"Wichita, Sedgwick County"
225,KY,https://www.facebook.com/NAMIADVOCATE/,bowlinggreennami@gmail.com,(270) 883-0036,"Logan, Simpson, Allen, Monroe, Metcalf, Barren, Warren, Edmonson, Butler, Hart"
226,KY,N/A,sharon@namibuffalotrace.org,(606) 759-4010,"Bracken, Mason, Robertson, Fleming & Lewis"
227,KY,N/A,steven.hoeck@yahoo.com,(606) 282-3793,"Rockcastle, Jackson, Laurel, Clay, Knox & Whitley"
228,KY,N/A,ky40330@hotmail.com,(859) 265-1590,"Boyle, Mercer"
229,KY,N/A,namigreenriver@gmail.com,(270) 619-2461,N/A
230,KY,N/A,namihazardky@yahoo.com,(606) 233-4372,"Letcher, Leslie Perry, Knott, Breathitt, Owsley Lee and Wolf"
231,KY,N/A,phyllisjackson0203@comcast.net,(270) 900-7177,N/A
232,KY,N/A,hoptownnami@gmail.com,(364) 999-9599,"Crittenden, Lyon, Trigg, Christian, Todd, Muhlenberg, Caldwell"
233,KY,http://www.namilexington.org,namimail@namilex.org,(859) 272-7891,Bluegrass Region
234,KY,http://www.namilouisville.org,namilou@namilouisville.org,(502) 588-2008,"Trimble, Oldham, Henry, Shelby, Jefferson, Bullitt, Spencer"
235,KY,N/A,myrandamcclure@sjhlex.org,(859) 986-6301,N/A
236,KY,N/A,savedn82@gmail.com,N/A,N/A
237,KY,N/A,camauriello@moreheadstate.edu,(606) 356-9194,Eastern KY
238,KY,N/A,mary.prater@mtcomp.org,N/A,Mountain
239,KY,N/A,brenda.benson@murraystate.edu,(270) 748-6133,Calloway County
240,KY,http://naminky.org,info@naminky.org,(859) 392-1730,"Boone, Carroll, Kenton, Campbell, Owen, Gallatin, Pendleton, and Grant Counties"
241,KY,N/A,rhoda.eldot@gmail.com,(859) 221-3465,N/A
242,KY,N/A,namiky@namiky.org,(270) 816-2671,N/A
243,KY,N/A,namiky@namiky.org,(800) 257-5081,"Pulaski, Wayne, Russell, McCreary, Taylor, Green, Casey, Adair, Cumberland Clinton,"
244,KY,N/A,bebe1@bellsouth.net,(859) 737-3384,Clark
245,LA,http://www.namiacadiana.org,nami@namiacadiana.org,(337) 504-4752,Seven Parish area of Acadiana District (formerly LA Region IV)
246,LA,http://www.namibr.org,info@namibr.org,(225) 252-7434,"East & West Baton Rouge, Ascension, Pointe Coupee, West Feliciana, East Feliciana, Iberville Parish"
247,LA,http://www.namineworleans.org,namino@namineworleans.org,(504) 896-2345,"Orleans, Jefferson, St. Bernard & Plaquemines Parishes"
248,LA,http://www.namiruston.org,washington.jerrilene1922@gmail.com,(318) 247-3982,"Lincoln, Claiborne, Bienville, Union, Ouachita, Jackson"
249,LA,https://www.facebook.com/swlanami/,cbankens@namiswla.org,(337) 433-0219,"Calcasieu, Cameron, Jeff Davis, Allen & Beauregard Parishes"
250,LA,http://www.namisttammany.org,info@namisttammany.org,(985) 626-6538,Southeast Louisiana
251,ME,http://www.namimaine.org,nancy@namimaine.org,(800) 464-5767,Penobscot County
252,ME,N/A,tjmorgan3@gmail.com,(207) 798-5891,Greater Bath/Brunswick area
253,ME,N/A,N/A,(800) 464-5767,Kennebec County/Skowhegan area
254,ME,N/A,bethranagan@gmail.com,(207) 924-7903,Piscataquis County
255,ME,http://www.namimaine.org/?page=NAMIPortland,namiportland@gmail.com,N/A,Greater Portland area
256,ME,N/A,nancy@namimaine.org,(800) 464-5767,Oxford and Franklin Counties
257,ME,N/A,N/A,(207) 467-5375,York County
258,MD,http://www.namiaac.org,info@namiaac.org,(443) 569-3498,Anne Arundel County
259,MD,http://www.namiccmd.org,namicarrollcounty@gmail.com,(410) 857-3650,Carroll County
260,MD,http://www.namifrederick.org,info@namifcmd.org,(240) 379-6186,Frederick County
261,MD,N/A,scrimmins@namimd.org,N/A,Harford County
262,MD,http://www.namihowardcounty.org,info.namihc@gmail.com,(410) 772-9300,Howard County
263,MD,N/A,namikentandqueenannes@gmail.com,(443) 480-0565,Kent and Queen Anne's counties
264,MD,N/A,namimdls@gmail.com,(443) 614-6739,"Worcester, Wicomico & Somerset Counties"
265,MD,http://www.namibaltimore.org,info@namibaltimore.org,(410) 435-2600,Baltimore City and Baltimore County
266,MD,http://www.namimc.org,info@namimc.org,(301) 949-5852,Montgomery County
267,MD,http://www.namipgc.org,nami.pgcmd1@gmail.com,(240) 467-5948,"Prince George’s County, Maryland"
268,MD,N/A,namisouthmd@gmail.com,(301) 392-7109,"St. Mary's County, Charles County, and Calvert County"
269,MA,http://www.namibc.org,namibc@namibc.org,(413) 443-1666,Berkshire County
270,MA,http://www.namibristolcounty.org,namibristolcounty@comcast.net,N/A,N/A
271,MA,http://www.nami-cambridgemiddlesex.org,email@nami-cambridgemiddlesex.org,(617) 984-0527,"Allston, Arlington, Belmont, Brighton, Brookline, Cambridge, Charlestown, Somerville, Greater Boston"
272,MA,http://www.namicapeann.org,namicapeann@verizon.net,(978) 281-1557,"Cape Ann area, MA"
273,MA,http://www.namiCapeCod.org,info@namicapecod.org,(508) 778-4277,Cape Cod and The Islands
274,MA,N/A,namiworc@hotmail.com,(508) 368-3562,N/A
275,MA,http://www.namicentralmiddlesex.org,nami.cmsx@gmail.com,(781) 982-3318,Central & Eastern Middlesex Counties
276,MA,http://www.namiboston.org,info@namiboston.org,(781) 819-3282,Metro Boston
277,MA,N/A,namigreaterlowell@gmail.com,(617) 580-8541,Andover/Billerica/Chelmsford/Dracut/Dunstable/Lawrence/Lowell/Methuen/N. Andover/Tewksbury/Tyngsboro
278,MA,http://www.namigreaternorthshore.org/,N/A,(617) 984-0504,N/A
279,MA,http://www.namimetrowest.org,namimetrowest@namimetrowest.org,(508) 251-9595,MetroWest
280,MA,http://www.naminw.org,info@naminw.org,(781) 269-9807,"Dover, Needham, Newton, Brookline, Waltham, Watertown, Wellesley, Weston"
281,MA,http://www.NAMINorthCentralMA.org,c_e_s13@yahoo.com,(978) 870-8887,North Central Massachusetts
282,MA,http://www.NamiNortheastEssex.org,nnea333@gmail.com,(978) 308-2113,Amesbury/Boxford/Georgetown/Groveland/Newburyport/Haverhill/Merrimac/Salisbury/N. Andover/Methuen
283,MA,N/A,info@namiplymoutharea.org,(781) 934-5086,Abington/Carver/Duxbury/Halifax/Hanover/Hanson/Kingston/Marion/Marshfield/Pembroke/Plymouth/Plympton
284,MA,http://www.namisouthshore.org,namisouthshore@gmail.com,(737) 702-0434,South Shore
285,MA,http://www.namiwm.org,information@namiwm.org,(413) 786-9139,"Hampden, Hampshire & Franklin County"
286,MI,http://www.namimqt.com,ckbertucci58@charter.net,(906) 360-7107,Alger and Marquette Counties
287,MI,https://www.facebook.com/NAMICalhounCounty,ghaff99432@aol.com,(269) 962-1762,Calhoun County
288,MI,https://namidetroit.org/,namidetroit@gmail.com,(313) 576-6939,Detroit
289,MI,http://www.namigenesee.org,namigenesee@gmail.com,(810) 232-6498,Genesee County and surrounding area
290,MI,http://namigt.org,info@namigt.org,(231) 944-8448,Grand Traverse Area
291,MI,http://www.NAMILansing.org,info@namilansing.org,(517) 484-3404,"Clinton, Eaton, Ingham Counties"
292,MI,http://www.namilivingston.org,gail.davidson@comcast.net,(810) 231-6011,Livingston County MI
293,MI,http://www.namimetro.org,support@namimetro.org,(248) 773-2296,"Oakland, Wayne & Macomb Counties"
294,MI,http://namimidland.weebly.com/,namimidlandmi@gmail.com,(989) 948-3273,Midland County and surrounding area
295,MI,http://namikent.org,info@namiofkent.org,(616) 559-0045,Kent County
296,MI,http://www.namiswmich.org,info@namikzoo.org,(269) 806-0275,"Kalamazoo, Allegan, St. Joseph, Cass, Van Buren, and Berrien Counties"
297,MI,http://www.namiwc.org,office@namiwc.org,(734) 994-6611,Washtenaw County
298,MN,http://namianokacounty.org,affiliates@namimn.org,N/A,Anoka County
299,MN,N/A,namihelps@namimn.org,N/A,"Carver County, MN"
300,MN,http://www.namidakotacounty.org/,namidakotacounty@namimn.org,(952) 432-9278,Dakota County
301,MN,http://www.namiduluth.org,namiduluth@gmail.com,N/A,"Carlton County, Southern St. Louis County (Duluth & surrounding area) & Northwestern Wisconsin"
302,MN,N/A,namifreeborncounty@gmail.com,N/A,N/A
303,MN,http://www.namigrandrapidsmn.org/,gr.mn.nami@gmail.com,N/A,"Itasca County, MN"
304,MN,http://www.namihennepincounty.org,namihennepincounty@gmail.com,(612) 424-1823,"Hennepin County, MN"
305,MN,http://www.namiironrange.org,namihelps@namimn.org,N/A,N/A
306,MN,http://namimoorhead.weebly.com/,namimoorhead@namimn.org,(218) 443-5286,Clay & Wilkin Counties
307,MN,http://naminorthcentralregion.org,namihelps@namimn.org,N/A,"Aitkin, Cass, Crow Wing, Morrison, Todd & Wadena"
308,MN,https://www.facebook.com/NAMI-NorthwoodsBeltrami-902579149788019/,gymaakhus@gmail.com,(218) 214-1681,N/A
309,MN,N/A,proplock@federatedwildblue.com,N/A,"Jackson, Nobles, Rock and Cottonwood Counties"
310,MN,http://www.namiramseycounty.org/,namiramseycounty@namimn.org,N/A,"Ramsey County, MN"
311,MN,https://namiscottcounty.weebly.com/,namihelps@namimn.org,(612) 424-1823,"Scott County, MN"
312,MN,http://www.namisemn.org,nami-semn@namisemn.org,(507) 287-1692,Southeastern Minnesota
313,MN,http://www.namistcloud.com/,njohns1021@gmail.com,(320) 654-1259,"Stearns, Wright, Sherburne, Benton"
314,MN,http://www.namitricountymn.org/,N/A,(507) 451-0043,N/A
315,MN,N/A,N/A,(612) 424-1823,"Washington County, MN"
316,MN,N/A,N/A,(320) 235-3084,"Big Stone, Chippewa, Kandiyohi, Lac qui Parle & Swift Counties"
317,MN,http://www.winonanami.org/,helennewell.namiwinona@namimn.org,(507) 494-0905,"Winona County, MN"
318,MS,N/A,centralms@namims.org,(601) 899-9058,"Hinds, Rankin, Madison, Simpson, and Copiah Counties"
319,MS,N/A,shan.abbott@yahoo.com,(228) 313-9831,"Hancock, Harrison, Pearl River, Stone, George, and Jackson counties"
320,MS,N/A,fourriversms@namims.org,(601) 324-0246,N/A
321,MS,N/A,namimeridian@gmail.com,(601) 917-1474,N/A
322,MS,N/A,gaycken@bellsouth.net,(662) 234-9538,Oxford MS 38655 (Region 2)
323,MS,N/A,namipinebelt@gmail.com,(601) 899-9058,N/A
324,MS,N/A,namivicksburg@gmail.com,(601) 630-9470,Southwest MS area
325,MO,N/A,namiboonville@gmail.com,N/A,Cooper and Howard County
326,MO,https://www.facebook.com/NAMIColumbiaMO/,namicolumbiamo@gmail.com,N/A,"Columbia, MO and the surrounding area"
327,MO,https://namigreaterkc.org,info@namigreaterkc.org,(816) 226-6798,Greater Kansas City and the surrounding area in northwest Missouri
328,MO,N/A,namijcmo@gmail.com,(573) 634-7727,Jefferson City and surrounding area
329,MO,N/A,rbcadooley@hotmail.com,(417) 235-2609,"Jasper, Newton, Barton and McDonald Counties"
330,MO,https://www.facebook.com/LebanonNAMI,dcaffey@hotmail.com,(417) 718-1616,The City of Lebanon and Laclede County
331,MO,https://www.facebook.com/NAMI-Southeast-Missouri-634896699924514/,namisoutheastmo@gmail.com,N/A,N/A
332,MO,http://www.namiswmo.org,nami@namiswmo.org,(417) 864-7119,"City of Springfield, Greene County and surrounding rural areas in Southwest Missouri"
333,MO,http://www.namistl.org,info@namistl.org,(314) 962-4670,"St. Louis City; St. Louis, St. Charles, Franklin, Warren, Jefferson & Lincoln Counties"
334,MT,http://www.namibillings.org,info@namibillings.org,(406) 256-2001,Yellowstone County
335,MT,N/A,N/A,(406) 381-9884,N/A
336,MT,N/A,tompeluso@msn.com,N/A,N/A
337,MT,http://www.namimt.org,loweryeileen96@gmail.com,N/A,N/A
338,MT,http://www.namigreatfalls.org,dianstinger@gmail.com,N/A,N/A
339,MT,N/A,N/A,(406) 262-7653,N/A
340,MT,N/A,N/A,N/A,N/A
341,MT,https://namilewistown.wordpress.com,nami.lewistown@gmail.com,(406) 350-2004,Fergus Couty
342,MT,http://www.namimissoula.org,namimissoula@gmail.com,(406) 880-1013,Missoula County
343,NE,N/A,cmeadows@naminebraska.org,(402) 345-8101,"Adams, Blaine, Buffalo, Clay, Custer, Franklin, Furnas, Garfield, Greeley, Hall, Hamilton, Harlan, H"
344,NE,N/A,cmeadows@naminebraska.org,N/A,N/A
345,NE,http://www.namiomaha.org,namiomaha@gmail.com,(402) 345-8101,"Counties: Douglas, Sarpy, Cass, Dodge, Washington"
346,NV,http://www.naminorthernnevada.org,info@naminorthernnevada.org,(775) 433-1470,"Reno, Sparks, Washoe County"
347,NV,http://www.namisouthernnevada.org,info@namisouthernnevada.org,(702) 890-9729,Southern Nevada-Clark County
348,NV,http://namiwesternnevada.org,laura.namiwnv@gmail.com,(775) 350-7977,Rural and Frontier Nevada
349,NH,N/A,btnitchie@gmail.com,N/A,Greater Concord NH area
350,NH,N/A,info@naminh.org,(603) 225-5359,Manchester area
351,NH,N/A,spricestout@gmail.com,N/A,Keene/Peterborough area
352,NH,N/A,nashuanaminh@gmail.com,(603) 882-6771,Nashua area
353,NH,N/A,namiseacoast@gmail.com,(603) 502-6580,Seacoast Area
354,NH,N/A,kathyboisclair62@gmail.com,N/A,Rochester area
355,NH,N/A,dstamp4@comcast.net,(603) 863-2621,Lebanon area (NH and VT)
356,NJ,http://www.namiacm.org,nami1557@comcast.net,(609) 741-5125,Southern New Jersey
357,NJ,http://naminj.org/burlington,namiface@verizon.net,(856) 222-9400,Burlington County
358,NJ,https://www.facebook.com/NAMICamdenCounty/,namicamdencounty@gmail.com,(856) 308-6735,Camden County
359,NJ,N/A,N/A,N/A,N/A
360,NJ,N/A,naminjessexpassaic@gmail.com,(862) 297-0835,Essex County
361,NJ,https://sites.google.com/view/namigloucester,namigc@comcast.net,(856) 582-7461,N/A
362,NJ,http://www.namigreaterbergen.org,namibergennj@gmail.com,(201) 935-6264,Bergen County
363,NJ,http://www.namigm.org,namigreatermonmouth@gmail.com,(732) 462-6448,N/A
364,NJ,https://www.namihudsoncounty.org,namihudson@gmail.com,N/A,"Hudson County, NJ"
365,NJ,http://www.namihunterdon.org,info@namihunterdon.org,(908) 284-0500,"Hunterdon County, NJ"
366,NJ,http://www.namimercer.org,home@namimercer.org,(609) 799-8994,New Jersey Capital Area
367,NJ,http://namiofmiddlesex.org/,namiofmiddlesex@gmail.com,(732) 745-0709,"Middlesex County, NJ"
368,NJ,N/A,namimorriscounty@outlook.com,(973) 285-7578,Morris
369,NJ,N/A,N/A,N/A,N/A
370,NJ,N/A,info@namiocinc.org,(732) 244-4401,N/A
371,NJ,N/A,namisalemcountynj@gmail.com,N/A,Southern NJ
372,NJ,N/A,ms_sues_mail@yahoo.com,N/A,N/A
373,NJ,http://www.namisussex.org,admin@namisussex.org,N/A,Northwest New Jersey
374,NJ,http://www.naminj.org/support/affiliates/union/,namiunioncounty@yahoo.com,(908) 233-1628,"Union County, New Jersey"
375,NJ,http://www.namiwarren.org,namiwcnj@namiwarren.org,(980) 301-1030,"Serving all Towns & Townships in Warren County, NJ"
376,NM,http://www.namialbuquerque.org,namiabqoffice@gmail.com,(505) 256-0288,Bernalillo County and surrounding areas
377,NM,N/A,sanjuan@naminewmexico.org,(505) 398-1386,San Juan County
378,NM,http://www.namisantafe.org,info@namisantafe.org,(505) 395-6204,Santa Fe County
379,NM,http://www.nami-snm.org/,information@nami-snm.org,(575) 448-2774,Southern New Mexico
380,NY,http://www.namibuffalony.org,info@namibuffalony.org,(716) 226-6264,Western New York
381,NY,https://namicapitalregionny.org/,namicapitalregionny@gmail.com,(518) 588-6949,"Albany, Greene, Rensselaer and Saratoga Counties"
382,NY,https://namicayugacounty.org/,info@namicayugacounty.org,(315) 255-7443,Cayuga County
383,NY,http://nami-cv.org,info@nami-cv.org,(518) 561-2685,Clinton County
384,NY,http://www.namiccny.org,namiccny@gmail.com,(518) 336-0246,Columbia County
385,NY,N/A,namidelawareco@gmail.com,(607) 267-2335,Delaware & Otsego Counties
386,NY,http://www.namifingerlakes.org,namiflexec@namifingerlakes.org,(607) 288-2460,Cortland & Tompkins Counties
387,NY,http://www.nami-huntington.org,lansburyhunt@aol.com,(631) 988-7619,Suffolk County
388,NY,http://www.namimidhudson.org,contact@namimidhudson.org,(845) 206-9892,Dutchess & Ulster Counties
389,NY,https://www.facebook.com/namimontgomeryfultonhamiltoncounties,namimfh@gmail.com,(518) 843-3261,"Hamilton, Fulton & Montgomery Counties"
390,NY,http://www.naminycmetro.org,helpline@naminyc.org,(212) 684-3264,"Bronx County, Brooklyn, Kings County, Manhattan, New York County"
391,NY,https://namistatenisland.org,N/A,(718) 477-1700,Kings & Richmond Counties
392,NY,https://namiorangeny.org,info@namiorangeny.org,(845) 956-6264,Orange County
393,NY,http://www.namiputnam.org,namiputnam@gmail.com,(845) 363-1478,Putnam County
394,NY,http://www.namiqn.org,office@namiqn.org,(516) 326-0797,Nassau & Queens Counties
395,NY,http://www.namiroc.org,info@namirochester.org,(585) 423-1593,"Genesee, Monroe, Ontario and Wayne Counties"
396,NY,http://namirockland.org,info@namirockland.org,(845) 359-8787,Rockland County
397,NY,http://www.namischenectady.org,namischenectady@gmail.com,(518) 986-9114,Schenectady
398,NY,N/A,namiofsullivan@gmail.com,(845) 794-1029,Sullivan County
399,NY,http://www.namisyracuse.org,namisyracuse@namisyracuse.org,(315) 487-2085,"Madison, Onondoga & Oswego Counties"
400,NY,http://www.namiwestchester.org,info@namiwestchester.org,(914) 592-5458,Westchester County
401,NC,https://namiacr.org/,namialamancecaswellrockingham@gmail.com,(336) 437-0206,"Alamance, Caswell and Rockingham counties"
402,NC,N/A,N/A,(706) 970-9987,"Clay, Cherokee, Graham, Swain, Macon, Jackson"
403,NC,http://www.namicabarrus.org,N/A,(704) 486-0365,Cabarrus County
404,NC,http://www.namicharlotte.org,info@namicharlotte.org,(704) 333-8218,Mecklenburg
405,NC,N/A,namicumberland@gmail.com,(910) 223-5244,"Cumberland, Harnett, Lee counties"
406,NC,http://www.namidurhamnc.org,N/A,(919) 231-5016,Durham County
407,NC,http://www.namiguilford.org,madonna@namiguilford.org,N/A,Guilford County
408,NC,http://namihaywood.com,wloghouse@juno.com,(828) 779-1923,Haywood County
409,NC,https://namihighcountry.org,pres@namihighcountry.org,(828) 406-7669,"Ashe, Avery and Watauga counties"
410,NC,N/A,bdgaskins@bsu.edu,(252) 402-6445,"Beaufort County, NC"
411,NC,http://www.namijcnc.net,namijcnc@gmail.com,(919) 980-5277,"Johnston County, North Carolina"
412,NC,http://www.namilakenormaniredell.org,crystalhobbs72@gmail.com,(704) 236-2264,"Iredell and North Mecklenburg Counties (Statesville, Mooresville, Davidson, Cornelius, Huntersville)"
413,NC,http://www.nami-moorecounty.org,namimoorecounty@gmail.com,(910) 295-1053,Moore County; also serving Richmond and Scotland counties
414,NC,N/A,lwhealton@gmail.com,(336) 744-0370,"Forsyth, Davie and Stokes counties"
415,NC,http://NAMIorangenc.org,namioclistserv@gmail.com,(919) 929-7822,"Orange, Chatham, Person Counties"
416,NC,N/A,namipittco@gmail.com,(252) 902-6264,Pitt County and surrounding area
417,NC,N/A,namirowannc@gmail.com,(704) 637-6931,Rowan County
418,NC,N/A,namisouthmountainsnc@gmail.com,(828) 771-6305,Cleveland and Rutherford Counties
419,NC,N/A,namitransy@gmail.com,(828) 877-2806,Transylvania County
420,NC,https://www.facebook.com/NAMIUnionCo,info@namiunionnc.org,(800) 451-9682,Union County
421,NC,http://www.nami-wake.org,admin@nami-wake.org,(919) 848-4490,Wake County
422,NC,http://www.namiwnc.org,info@namiwnc.org,(828) 505-7353,"Buncombe, Madison, Mitchell, and Yancy counties"
423,NC,http://www.namiwilmington.org,namiwilm@gmail.com,N/A,Greater Wilmington area
424,ND,N/A,naminorthdakota@gmail.com,N/A,Fargo
425,ND,N/A,lois.namigf@gmail.com,(701) 746-5380,N/A
426,ND,N/A,N/A,N/A,N/A
427,ND,N/A,N/A,N/A,N/A
428,ND,N/A,N/A,N/A,N/A
429,ND,N/A,N/A,N/A,N/A
430,OH,N/A,mullenhour@twc.com,(419) 692-2480,"Allen, Auglaize and Hardin Counties Ohio"
431,OH,N/A,ashtabulanami@gmail.com,(440) 606-6264,Ashtabula County
432,OH,http://www.namiathensohio.org,info@namiathensohio.org,(740) 593-7424,N/A
433,OH,N/A,bcnami@bcmhas.org,(513) 436-0010,Brown County Ohio
434,OH,http://www.nami-bc.org,info@nami-bc.org,(513) 860-8386,Butler County and surrounding areas
435,OH,http://www.namicgm.org,erica@namicgm.org,(937) 322-5600,"Clark, Greene and Madison Counties - Ohio"
436,OH,N/A,mwaybright@ccmhrsb.org,(330) 424-0195,Columbiana County
437,OH,N/A,N/A,(937) 335-7727,"Darke, Miami, and Shelby counties"
438,OH,http://NotAloneOhio.org,info@notaloneohio.org,(740) 815-1767,Delaware and Morrow Counties Ohio
439,OH,N/A,thejustsethfoundation@gmail.com,(419) 515-6930,Erie & Ottawa Counties
440,OH,N/A,mconrad92@gmail.com,(740) 243-4933,N/A
441,OH,http://www.namifourcounty.org,wendy@namifourcounty.org,(419) 405-3651,"Northwest Ohio counties of Defiance, Fulton, Henry and Williams (also Paulding)"
442,OH,http://www.namifranklincounty.org,mail@namifc.org,(614) 501-6264,Columbus and surrounding areas
443,OH,http://www.namigeauga.org,admin@namigeauga.org,(440) 286-6264,Geauga County Ohio
444,OH,http://www.namigreatercleveland.org,helpline@namigreatercleveland.org,(216) 875-7776,Cuyahoga County
445,OH,http://www.namitoledo.org,mfinch@namitoledo.org,(419) 243-1119,Toledo and surrounding Lucas County areas
446,OH,http://www.namihancockcounty.org,eric@namihancockcounty.org,N/A,Hancock County
447,OH,N/A,kevincmount@gmail.com,(419) 677-0714,Huron County
448,OH,https://namiknoxohio.com/,namiklcohio@embarqmail.com,(740) 397-3088,Knox and Licking Counties
449,OH,http://www.namilakecountyohio.org,katie@namilake.org,(440) 639-1200,Lake County Ohio
450,OH,N/A,petefloyd.nami.lc@gmail.com,(937) 750-1702,N/A
451,OH,http://www.nami-lc.org,office@nami-lc.org,(440) 240-8477,N/A
452,OH,http://www.namimahoningvalley.org,info@namimahoningvalley.org,(330) 727-9268,Mahoning and Trumbull Counties
453,OH,http://NAMImcc.org,namimarioncrawfordoh@gmail.com,(740) 375-0796,"Marion & Crawford Counties, Ohio"
454,OH,http://www.namimedinacounty.org,medinanami@gmail.com,(330) 225-6448,Medina County
455,OH,http://www.nami-mc.org,linda@nami-mc.org,(937) 299-3667,Montgomery County Ohio
456,OH,http://www.namiportagecounty.org,info@namiportagecounty.org,(570) 801-0516,"Portage County, Kent, Aurora, Ravenna, Streetsboro, Hiram, and Mantua"
457,OH,http://www.namirc.org,families@namirc.org,(419) 522-6264,N/A
458,OH,http://www.namissw.org,information@namissw.org,(419) 334-8021,N/A
459,OH,N/A,namisixcounty@gmail.com,(740) 647-9617,"Serves Coshocton, Guernsey, Morgan, Muskingum, Noble and Perry Counties"
460,OH,http://www.namisouthernohio.org,info@namisouthernohio.org,(740) 851-4242,"Five Counties: Fayette, Highland, Pickaway, Pike, and Ross"
461,OH,http://namiswoh.org,info@namiswoh.org,(513) 351-3500,"Hamilton, Clermont, Warren and Clinton Counties (OH)"
462,OH,http://www.namistarkcounty.org,namistark@namistarkcounty.org,(330) 455-6264,Stark County
463,OH,http://www.namisummit.org,info@namisummit.org,(330) 252-1188,"Summit County, OH; Akron, Cuyahoga Falls, Barberton, Stow, Hudson, Green, Fairlawn, Norton"
464,OH,http://www.nami.org/sites/tusc-carroll,namituscarawascarroll@gmail.com,(330) 440-4742,N/A
465,OH,N/A,marysvillerunyans@gmail.com,(937) 243-2242,Union County area
466,OH,http://www.ugcnomi.org,nami@ugcnomi.org,(513) 238-7788,Urban Greater Cincinnati
467,OH,https://www.facebook.com/NAMI-Washington-County-Ohio-1183168575051185/,gabbymel@att.net,(740) 374-6990,Washington County
468,OH,http://www.namiwayneholmes.org,info@namiwayneholmes.org,(330) 264-1590,"Wayne and Holmes Counties, Ohio"
469,OH,http://www.namiwoodcounty.org,info@namiwoodcounty.org,(419) 352-0626,Wood County
470,OK,N/A,N/A,(405) 201-7368,"Kingfisher, Canadian, and Grady Counties"
471,OK,N/A,naminormanok@gmail.com,(405) 408-0984,N/A
472,OK,http://www.namigreaterokc.org,edmond.nami@gmail.com,(405) 408-0886,Edmond and North OKC
473,OK,N/A,harrygatewood@gmail.com,(918) 682-8407,Three Rivers region
474,OK,N/A,jackie.dahlgren@outlook.com,N/A,N/A
475,OK,N/A,N/A,(580) 583-8126,"Stephens, Jackson, Comanche, Cotton, Tillman, Jefferson, Kiowa, and Caddo"
476,OK,http://namitulsa.org,nami-tulsa@sbcglobal.net,(918) 587-6264,Tulsa and surrounding area
477,OK,https://www.facebook.com/NAMIWashingtonCoOK,N/A,(9183378) 080-2202,Washington and Nowata Counties
478,OR,http://namicc.org/,info@namicc.org,(503) 344-5050,"Clackamas County, Oregon"
479,OR,N/A,namiclatsop@gmail.com,(503) 468-7797,"Clatsop County, Oregon"
480,OR,N/A,namioregon@namior.org,N/A,"Columbia County, Oregon"
481,OR,N/A,N/A,N/A,N/A
482,OR,N/A,darr.brooks@gmail.com,(541) 673-3045,"Douglas County, Oregon"
483,OR,http://www.namilane.org,resourcecenter@namilane.org,(541) 343-7688,"Lane County, Oregon"
484,OR,https://namimarionpolk.org/,info@namimarionpolk.org,(971) 208-3478,"Marion and Polk Counties, Oregon"
485,OR,http://namimidvalley.org/,president@namimidvalley.org,(541) 745-2064,Linn & Benton Counties
486,OR,http://namimultnomah.org,info@namimultnomah.org,(503) 228-5692,"Multnomah County, Oregon"
487,OR,http://www.namicentraloregon.org,info@namicentraloregon.org,(541) 316-0167,"Crook, Jefferson, and Deschutes counties"
488,OR,N/A,N/A,(541) 562-5465,"Union, Umatilla, Malheur, Morrow, Wallowa, and Baker Counties"
489,OR,N/A,N/A,(541) 885-4909,"Klamath County, Oregon"
490,OR,http://www.namisouthernoregon.org,info@namisouthernoregon.org,(541) 774-7872,"Josephine and Jackson Counties, Oregon"
491,OR,http://www.washconami.org,nami@washconami.org,(503) 356-6835,N/A
492,OR,N/A,schulmanrob@yahoo.com,(503) 434-6350,"Yamhill County, Oregon"
493,PA,http://namibeavercounty.org/,rmattia@namibeavercounty.org,(724) 888-6877,Beaver County PA
494,PA,http://namiberkspa.org,berksnami@gmail.com,(610) 685-3000,"Berks County, Pennsylvania"
495,PA,https://www.namiblaircountypa.org,office.blairnami@gmail.com,(814) 327-7083,"Blair County, PA"
496,PA,N/A,N/A,(570) 415-0100,Bradford County
497,PA,http://www.namibuckspa.org,info@namibuckspa.org,(866) 399-6264,"Bucks County, PA"
498,PA,https://namibutler.org,info@namibutler.org,(724) 431-0069,Butler/Clarion County
499,PA,http://www.namicppa.org,nami.cp.pa@gmail.com,(717) 620-9580,Cumberland and Perry Counties
500,PA,http://nami-dauphincounty.org,info@nami-dauphincounty.org,(717) 233-1164,Dauphin County
501,PA,http://namipadelco.org,shirleyg@namipadelco.org,(610) 623-0071,Delaware County PA
502,PA,http://www.namierie.org,info@namierie.org,(814) 456-1773,"Erie County, Pennsylvania"
503,PA,N/A,N/A,(717) 871-6205,Lancaster County area
504,PA,http://namiluzernewyomingcounties.org/,namiluzernewyomingcounty@gmail.com,(570) 371-3844,Luzerne/Wyoming Counties
505,PA,http://www.NAMIMainLinePA.org,info@namimainlinepa.org,(267) 251-6240,Delaware/Montgomery Counties and surrounding areas
506,PA,N/A,N/A,(724) 981-6193 (196),Western PA
507,PA,http://www.namimontcopa.org,office@namimontcopa.org,(215) 361-7784,Montgomery County and surrounding areas
508,PA,http://www.namincpa.org,nami.ncpa@gmail.com,(570) 326-7895,North Central Pennsylvania
509,PA,http://www.namikeystonepa.org,info@namikeystonepa.org,(412) 366-3788,North Hills Pittsburgh
510,PA,http://www.naminepa.org,info@naminepa.org,(570) 342-1047,"Lackawanna, Susquehanna, and Wayne Counties"
511,PA,N/A,info@namikeystonepa.org,(717) 238-1514,N/A
512,PA,N/A,namicentrepa@gmail.com,(814) 880-8267,N/A
513,PA,N/A,info@namikeystonepa.org,N/A,"Chester County, Pennsylvania"
514,PA,N/A,N/A,N/A,N/A
515,PA,N/A,amarcum@chapsinc.org,(814) 807-9472,All of Crawford County and Venango Township
516,PA,http://www.namiswpa.org,info@namiswpa.org,N/A,Fayette County
517,PA,http://www.nami-lv.org,info@nami-lv.org,(610) 882-2102,Northampton and Lehigh Counties
518,PA,http://www.namikeystonepa.org,info@namikeystonepa.org,(412) 527-6600,McKeesport
519,PA,http://www.namikeystonepa.org,N/A,(724) 872-2186,"Greensburg, Monessen, Irwin"
520,PA,N/A,nami.south@gmail.com,(412) 366-3788,South Hills Pittsburgh
521,PA,http://www.namikeystonepa.org,gleason07@comcast.net,(724) 416-7574,Washington County
522,PA,http://www.namikeystonepa.org,maryjoburkholder@gmail.com,N/A,"Pennsylvania, Ohio, New York"
523,PA,http://www.namiswpa.org,info@namiswpa.org,(412) 366-3788,Oakland Pittsburgh
524,PA,http://www.namiphilly.org,carlyhester@namiphilly.org,(267) 687-4381,Philadelphia
525,PA,http://www.namikeystonepa.org,mimschwartz1@gmail.com,(412) 421-3656,Pittsburgh - East Suburbs
526,PA,N/A,namischuylkillcopa@mail.com,(570) 527-0002,Schuylkill Haven
527,PA,http://www.namiyorkadams.org,info@namiyorkadams.org,(717) 848-3784,York & Adams Counties
528,RI,http://blockislandmentalhealth.org/,bijim@verizon.net,N/A,N/A
529,RI,http://www.namirhodeisland.org,beth@namirhodeisland.org,(401) 331-3060,"East Bay, Rhode Island"
530,RI,http://www.namirhodeisland.org,beth@namirhodeisland.org,(401) 331-3060,Kent County and vicinity
531,RI,http://www.namirhodeisland.org,beth@namirhodeisland.org,(401) 331-3060,Newport County and vicinity
532,RI,http://www.namirhodeisland.org,beth@namirhodeisland.org,(401) 331-3060,Providence and Vicinity
533,RI,http://www.namirhodeisland.org,beth@namirhodeisland.org,(401) 331-3060,Washington County and vicinity
534,SC,http://www.namiaop.org,michelleready@hotmail.com,(864) 882-5131,Anderson-Oconee-Pickens Counties
535,SC,http://www.namicharlestonarea.org,info@namicharlestonarea.org,(843) 284-3091,"Charleston, Berkeley, Dorchester, Georgetown, and Horry Counties"
536,SC,http://www.namigreenvillesc.org,info@namigreenvillesc.org,(864) 331-3300,"Greenville County, SC"
537,SC,N/A,lnlgraham@toast.net,(803) 424-1002,N/A
538,SC,http://www.namilowcountry.org,nami@namilowcountry.org,(843) 636-3100,"Beaufort and Surrounding Counties, SC"
539,SC,http://www.namimid-carolina.org,info@namimid-carolina.org,(803) 206-2916,N/A
540,SC,N/A,namipeedee@gmail.com,N/A,Florence and Darlington Counties
541,SC,http://www.namipiedmont.org,info@namipiedmont.org,(803) 610-8174,"Chester, Lancaster and York Counties"
542,SC,http://www.namispartanburgsc.org,office@namispartanburgsc.org,(864) 406-8126,"Spartanburg, Cherokee, and Union Counties"
543,SC,N/A,N/A,N/A,N/A
544,SD,N/A,snelson@namisouthdakota.org,(605) 271-1871,N/A
545,SD,N/A,N/A,(605) 692-8948,N/A
546,SD,N/A,ljknoke@hur.midco.net,(605) 350-2320,N/A
547,SD,N/A,snelson@namisouthdakota.org,(605) 222-3874,N/A
548,SD,N/A,rapidcitynami@gmail.com,(605) 271-1871,N/A
549,SD,N/A,snelson@namisouthdakota.org,(605) 886-7799,N/A
550,TN,http://www.namichattanooga.org,namichattanooga@gmail.com,(423) 521-2590,Hamilton County
551,TN,N/A,namiclarksville@namitn.org,N/A,Clarksville-Montgomery County
552,TN,https://www.facebook.com/NAMICoffee.TN/,namicoffee@namitn.org,(931) 952-6871,Coffee and surrounding counties
553,TN,N/A,namicookeville@namitn.org,(931) 261-9568,Putman County
554,TN,https://namidavidson.org,rnobling@namidavidson.org,(615) 891-4724,"Greater Nashvillle, TN"
555,TN,N/A,namidicksoncounty@gmail.com,(615) 326-9545,Dickson County
556,TN,https://www.facebook.com/namidyersburg,namidyersburg@namitn.org,(731) 325-7559,"Newbern, Dyersburg, and Northwest, TN"
557,TN,N/A,namigreene31@gmail.com,(423) 552-2386,"Greeneville, Greene County and surrounding counties"
558,TN,N/A,namijohnsoncity@namitn.org,(423) 930-8035,Washington County TN and surrounding counties
559,TN,http://www.namiknox.org,namiknox@gmail.com,(800) 771-5491,"Greater Knoxville, TN area"
560,TN,N/A,namimadison@namitn.org,(877) 740-7002,Madison County
561,TN,http://namimaryville.org,nami.maryville@gmail.com,(865) 518-2373,Blount County and surrounding areas
562,TN,http://www.nami-memphis.org,info@nami-memphis.org,(901) 725-0305,Shelby County
563,TN,http://namioakridge.org,namioakridge865@gmail.com,(865) 272-6475,"Anderson County, Oak Ridge and surrounding areas"
564,TN,N/A,namiroane@namitn.org,N/A,Roane Co. and surrounding areas
565,TN,N/A,nami.rutherford@gmail.com,,"Rutherford County, Murfreesboro, TN"
566,TN,N/A,namisumner@namitn.org,(615) 763-5161,"Sumner County, TN"
567,TN,N/A,namiwilliamsontn@gmail.com,(615) 567-3793,Williamson-Maury Counties
568,TX,N/A,mendezcorral15@gmail.com,(325) 701-9051,Taylor and Jones counties
569,TX,http://www.namibv.org,jill@namibv.org,(979) 774-4713,"Brazos Valley counties: Robertson, Grimes, Madison, Burleson, Brazos, Washington, Leon"
570,TX,http://namicentraltx.org,info@namicentraltx.org,(512) 420-9810,Austin and Central Texas area
571,TX,https://namitexas.org/nami-southern-sector-dallas/,nami.ssectordallas@gmail.com,(972) 401-3834,N/A
572,TX,http://www.namiep.org,office@namiep.org,(915) 778-5726,El Paso County
573,TX,N/A,goldentrianglenami@gmail.com,(512) 693-2000,"Hardin, Jefferson, and Orange counties"
574,TX,https://namitexas.org/nami-grayson-fannin-cooke-county/,outreach.coordinator@namitexas.org,(903) 814-7121,North Texas
575,TX,N/A,gingmort@aol.com,(903) 681-4470,"Henderson County, TX"
576,TX,http://www.namigcc.org,info@namigcc.org,(361) 510-6939,"San Patricio, Nueces, Live Oak, Kleberg, Kenedy, Jim Wells, Duval, Brooks, Bee, Aransas"
577,TX,http://www.namigreaterhouston.org,namigh@namigreaterhouston.org,(713) 970-4419,"Harris, Fort Bend, and Montgomery Counties, Texas"
578,TX,https://namitexas.org/nami-greater-longview/,namigreaterlongview@gmail.com,(512) 693-2000,"Gregg, Harrison, Rusk, and Upshur counties"
579,TX,N/A,bvinsonnamigc@gmail.com,(512) 585-8968,Guadalupe County
580,TX,http://www.namigulfcoast.org,namigc@namigulfcoast.org,(281) 585-3100,Galveston and Brazoria Counties
581,TX,N/A,officemanager@namitexas.org,(512) 693-2000,Hunt County
582,TX,http://namitexas.org/nami-kaufman-county/,namikaufmancounty@yahoo.com,(972) 962-3784,Kaufman County
583,TX,http://www.namitexas.org/nami-kerrville,nami_kerrville@yahoo.com,,"Kerr and surrounding counties: Bandera, Edwards, Gillespie, Kendall, Kimble, Real"
584,TX,https://namitexas.org/nami-laredo/,outreach.coordinator@namitexas.org,(512) 693-2000,N/A
585,TX,https://namilubbock.org/,namilubbock@gmail.com,(806) 783-9268,Lubbock
586,TX,https://namitexas.org/nami-midland/,outreach.coordinator@namitexas.org,,"Permian Basin, West Texas"
587,TX,http://www.naminorthtexas.org,info@naminorthtexas.org,(214) 341-7133,"Collin, Dallas, Denton & Rockwall Counties"
588,TX,http://namirgv.org,namirgv@gmail.com,N/A,"Hidalgo, Cameron, Willacy, Starr counties"
589,TX,N/A,namisanangelotx@gmail.com,(325) 374-8940,"Tom Green, Concho, Schleicher, Irion, Sterling, and Coke Counties"
590,TX,http://www.nami-sat.org,admin@nami-sat.org,(210) 734-3349,"Bexar, Wilson, Medina, Kendall, Comal, Bandera, and Atascosa Counties"
591,TX,http://www.namitarrant.org,info@namitarrant.org,(817) 332-6677,"Greater Fort Worth Area (Tarrant, Johnson, Parker, Wise Counties)"
592,TX,N/A,namitemple@gmail.com,(254) 771-3638,"Bell, Coryell, Lampasas, Hamilton and Milam Counties"
593,TX,https://namitexas.org/nami-texas-panhandle/,namitexaspanhandle@gmail.com,(806) 567-1372,"Amarillo, Canyon, Hereford, Dumas"
594,TX,http://www.namityler.org,findhope@namityler.org,(903) 308-0200,North East Texas
595,TX,https://namitexas.org/nami-waco/,outreach.coordinator@namitexas.org,(512) 693-2000,"Bosque, Hill, McLennan, Limestone, Falls, and Freestone counties"
596,UT,N/A,N/A,N/A,"Carbon County, Emery County"
597,UT,N/A,suzanne.godfrey@gmail.com,(407) 617-4263,Box Elder County
598,UT,http://namicachevalley.org/,terry.boharsik.namicachevalley@gmail.com,(435) 787-4165,Cache Valley
599,UT,https://www.namiut.org/about/affiliates/item/15-salt-lake-affilate,robin@namiut.org,(385) 246-5931,Salt Lake County
600,UT,N/A,N/A,N/A,Sandpete County
601,UT,http://namiut-sw.org/,robin@namiut.org,N/A,"Washington, Iron County; SW Utah"
602,UT,https://namiut.org/find-resources-by-county/item/21-utah-county,robin@namiut.org,(801) 400-3516,Utah County
603,UT,N/A,N/A,N/A,N/A
604,UT,http://www.namiut.org/find-resources-by-county/item/23-weber-ogden,robin@namiut.org,(801) 625-3714,Weber County
605,VT,http://www.namivt.org,info@namivt.org,(802) 876-7949,"Washington County, Orange County, Lamoille County"
606,VT,http://www.namivt.org,info@namivt.org,(802) 876-7949,"Grand Isle County, Franklin County, Chittenden County, Addison County"
607,VT,http://www.namivt.org,info@namivt.org,(802) 876-7949,"Caledonia County, Orleans County, Essex County"
608,VT,http://www.namivt.org,info@namivt.org,(802) 876-7949,Rutland County
609,VT,http://www.namivt.org,info@namivt.org,(802) 876-7949,"Windsor County, Windham County, Bennington County"
610,VA,http://www.namiblueridgecharlottesville.org,namiblueridge@gmail.com,(434) 260-8127,"Charlottesville, Albemarle County, and surrounding areas"
611,VA,https://www.facebook.com/namishenandoah,nami.wecare@gmail.com,(540) 480-4765,"Cities of Staunton and Waynesboro, Counties of Bath, Highland, Rockbridge, and Augusta"
612,VA,https://namicva.org/,info@namicva.org,(804) 285-1749,Richmond metropolitan area and Greater Petersburg area
613,VA,http://www.namicoastalvirginia.org,contact@namicoastalvirginia.org,(757) 499-2041,"Virginia Beach, Chesapeake, Norfolk, Portsmouth and the Eastern Shore"
614,VA,http://namihptnn.org,info@namihptnn.org,(757) 690-1370,Hampton Roads Peninsula
615,VA,http://www.nami-mid-tidewater.org,namimidtidewater@gmail.com,(804) 684-1480,General areas of the Middle Peninsula and Northern Neck
616,VA,N/A,naminrvva@gmail.com,(540) 585-1627,"Blacksburg, Christiansburg, Radford, Montgomery County, Pulaski County, Giles County, Floyd County"
617,VA,http://www.naminsv.org,dominickhalse@gmail.com,(540) 533-1832,Winchester and surrounding areas
618,VA,http://www.nami-northernvirginia.org,info@nami-nova.org,(571) 458-7310,"Counties of Fairfax, Arlington, Loudoun; Cities of Alexandria, Fairfax and Falls Church"
619,VA,https://namipiedmontva.org/,weigelww@yahoo.com,(540) 347-9104,"Warrenton and Culpeper, Fauquier, Rappahannock, Madison, Orange Counties"
620,VA,http://www.nami-pw.org,info@nami-pw.org,(703) 659-9983,"Within Prince William County, City of Manassas, City of Manassas Park and surrounding communities"
621,VA,http://www.namirapp.org,info@namirapp.org,(540) 724-6393,"City of Fredericksburg and Counties of King George, Spotsylvania, Stafford and Caroline"
622,VA,http://www.namiroanokevalley.us,namiroanokevalley@gmail.com,(540) 627-5533,Roanoke area
623,VA,http://www.namiwilliamsburg.org,info@namiwilliamsburg.org,(757) 220-8535,"James City County, Poquoson, Williamsburg and York County"
624,WA,http://www.namicd.org,chelandouglasnami@gmail.com,(509) 663-8282,North Central Washington
625,WA,http://www.namiclallam.org,namiofclallamcounty@gmail.com,(360) 452-5244,Clallam County WA
626,WA,http://www.nami-eastside.org,info@nami-eastside.org,(425) 885-6264,East & North King County
627,WA,http://www.namijeffcowa.org,namijeffco@yahoo.com,(360) 385-1716,"Jefferson County, Washington"
628,WA,http://www.namikitsap.org,N/A,N/A,Kitsap County and surrounding areas
629,WA,http://www.namilewiscountywa.org,namilewiscountywa@gmail.com,(360) 995-9980,"Lewis County, WA"
630,WA,http://www.namipierce.org/,info@namipierce.org,(253) 677-6629,Pierce County
631,WA,http://www.namiseattle.org,info@namiseattle.org,(206) 783-9264,Seattle
632,WA,http://www.namiskagit.org,contact@namiskagit.org,(360) 313-7080,"Skagit County, Washington"
633,WA,http://www.namisnohomishcounty.org,nami.snohomish.county@gmail.com,(425) 339-3620,Snohomish County
634,WA,http://www.namiskc.org,info@namiskc.org,(253) 854-6264,"South King County, Washington"
635,WA,http://www.namiswwa.org,info@namiswwa.org,(360) 695-2823,"Clark, Cowlitz, Skamania & Wahkiakum Counties"
636,WA,http://www.namispokane.org,office@namispokane.org,(509) 838-5515,Eastern Washington State
637,WA,http://www.namitm.org,info@namitm.org,(360) 493-6021,Thurston and Mason Counties
638,WA,http://www.namitricities.org,namitricities@gmail.com,N/A,N/A
639,WA,http://www.namiwallawalla.org,namiwallawalla@gmail.com,(509) 529-6160,"Walla Walla County WA,"
640,WA,N/A,president@namiwacoast.org,(206) 783-4288,Grays Harbor County WA
641,WA,http://www.namiwhatcom.org,namiadmin@namiwhatcom.org,(360) 671-4950,Whatcom County
642,WA,https://www.namiyakima.org,info@namiyakima.org,(509) 453-8229,Yakima County and Central WA State
643,WV,N/A,N/A,N/A,N/A
644,WV,http://www.namiwheeling.org,namigreaterwheeling@gmail.com,(304) 905-0635,Upper Ohio Valley Area
645,WV,N/A,N/A,N/A,N/A
646,WV,N/A,N/A,(304) 445-7866,N/A
647,WI,https://namibarroncounty.com/,namibarroncounty@gmail.com,(715) 418-6090,"Serving Barron, Rusk, Polk, Burnett, Washburn & Sawyer counties"
648,WI,https://namibrowncounty.org,info@namibrowncounty.org,(920) 371-0961,Brown County and surrounding areas
649,WI,http://www.namicv.org,namicv@yahoo.com,(715) 450-6484,"Chippewa, Dun and Eau Claire counties of western Wisconsin"
650,WI,http://www.namidanecounty.org,contact@namidanecounty.org,(608) 249-7188,Dane County Wisconsin
651,WI,https://www.facebook.com/namidodgecounty/,namidodge@gmail.com,,Dodge County
652,WI,http://www.namifonddulac.org,nami.fdl.fc@gmail.com,(920) 979-0512,Fond du Lac County
653,WI,http://www.namifoxvalley.org,info@namifoxvalley.org,(920) 954-1550,"Outagamie, Northern Winnebago, Calumet & Waupaca Counties"
654,WI,http://namigreencounty.org,namigc@tds.net,(608) 324-4677,Green County Wisconsin
655,WI,http://www.NAMIKenosha.org,namikenoshacounty@gmail.com,(262) 652-3606,Kenosha County Wisconsin
656,WI,http://www.NAMILaCrosseCounty.org,info@namilacrossecounty.org,(608) 785-9658,La Crosse County Wisconsin
657,WI,http://namidouglascountywi.org,namidouglascountywi@gmail.com,(920) 452-5152,"Douglas, Bayfield, and Ashland Counties"
658,WI,N/A,namimanty@gmail.com,(920) 320-7606,Manitowoc County
659,WI,https://naminorthernlakes.org/,naminorthernlakes@yahoo.com,(715) 369-4740,"Forest, Oneida and Vilas Counties"
660,WI,http://www.naminorthwoods.org,naminorthwoods@gmail.com,(715) 432-0180,"Wisconsin Counties of Langlade, Lincoln and Marathon"
661,WI,http://www.namioshkosh.org,info@namioshkosh.org,(920) 651-1148,Oshkosh and Southern Winnebago County
662,WI,http://namiozaukee.org/,namiozaukee@gmail.com,(262) 243-3627,Ozaukee County Wisconsin
663,WI,http://www.namiportagewoodcounties.org,namiportagewoodcounties@gmail.com,(715) 544-9653,Portage & Wood Counties
664,WI,http://www.namiracinecounty.org,info@namiracine.org,(262) 637-0582,Racine County
665,WI,http://www.namirockcounty.org,namirockcountyinc@gmail.com,(608) 743-9828,Rock County
666,WI,N/A,nami.saukco2016@yahoo.com,(608) 355-0378,Sauk County Wisconsin and surrounding area
667,WI,http://www.namisoutheastwi.org,info@namisoutheastwi.org,(262) 524-8886,"Waukesha, Milwaukee, and Jefferson Counties"
668,WI,http://www.southwesternwi.wix.com/nami,swwi.nami@gmail.com,(608) 485-1437,"Crawford, Grant, & Iowa Counties"
669,WI,https://www.nami-stcroixvalley.com/,namiscv@gmail.com,(608) 301-5440,St. Croix & Pierce Counties
670,WI,N/A,swbrown001@centurytel.net,N/A,Trempealeau County
671,WI,N/A,linpwood@yahoo.com,(608) 790-6588,Vernon County and Crawford County
672,WI,https://www.namiwalworth.org,namiwalworth@gmail.com,N/A,Walworth County Wisconsin
673,WI,https://www.namiwashingtonwi.org/,executivedirector@namiwashingtonwi.org,(262) 339-1235,Washington County
674,WY,https://www.namicasper.org/,namicspr@gmail.com,(307) 234-0440,Natrona County
675,WY,N/A,dhnamilaramie@gmail.com,(307) 760-9651,"Albany County, WY"
676,WY,N/A,saramur@yahoo.com,(307) 899-4561,Park County
